file;label
C:\Ynoguti\SaoPaulo\M171001.WAV;5
C:\Ynoguti\SaoPaulo\F090302.WAV;5
C:\Ynoguti\SaoPaulo\F212005.WAV;5
C:\Ynoguti\SaoPaulo\F041306.WAV;5
C:\Ynoguti\Goias\M180709.WAV;2
C:\Ynoguti\SaoPaulo\M111302.WAV;5
C:\Ynoguti\EspiritoSanto\F221610.WAV;1
C:\Ynoguti\SaoPaulo\F120202.WAV;5
C:\Ynoguti\SaoPaulo\F051808.WAV;5
C:\Ynoguti\SaoPaulo\F150610.WAV;5
C:\Ynoguti\SaoPaulo\M090907.WAV;5
C:\Ynoguti\EspiritoSanto\F221608.WAV;1
C:\Ynoguti\MinasGerais\F011710.WAV;3
C:\Ynoguti\SaoPaulo\M070306.WAV;5
C:\Ynoguti\SaoPaulo\F191608.WAV;5
C:\Ynoguti\Pernambuco\F180908.WAV;4
C:\Ynoguti\SaoPaulo\F200610.WAV;5
C:\Ynoguti\SaoPaulo\M160804.WAV;5
C:\Ynoguti\SaoPaulo\F101603.WAV;5
C:\Ynoguti\SaoPaulo\F090408.WAV;5
C:\Ynoguti\EspiritoSanto\F221406.WAV;1
C:\Ynoguti\SaoPaulo\M171006.WAV;5
C:\Ynoguti\SaoPaulo\F080909.WAV;5
C:\Ynoguti\SaoPaulo\F171206.WAV;5
C:\Ynoguti\SaoPaulo\F101604.WAV;5
C:\Ynoguti\SaoPaulo\F130307.WAV;5
C:\Ynoguti\SaoPaulo\F101610.WAV;5
C:\Ynoguti\MinasGerais\F031106.WAV;3
C:\Ynoguti\SaoPaulo\F090202.WAV;5
C:\Ynoguti\SaoPaulo\M111409.WAV;5
C:\Ynoguti\Goias\M151807.WAV;2
C:\Ynoguti\SaoPaulo\F171109.WAV;5
C:\Ynoguti\SaoPaulo\M160706.WAV;5
C:\Ynoguti\SaoPaulo\M140410.WAV;5
C:\Ynoguti\EspiritoSanto\F111907.WAV;1
C:\Ynoguti\Pernambuco\F181002.WAV;4
C:\Ynoguti\SaoPaulo\M230509.WAV;5
C:\Ynoguti\SaoPaulo\M091104.WAV;5
C:\Ynoguti\SaoPaulo\M160604.WAV;5
C:\Ynoguti\Ceara\F060110.WAV;0
C:\Ynoguti\SaoPaulo\M061505.WAV;5
C:\Ynoguti\SaoPaulo\F150503.WAV;5
C:\Ynoguti\SaoPaulo\F051801.WAV;5
C:\Ynoguti\SaoPaulo\M122002.WAV;5
C:\Ynoguti\SaoPaulo\M171003.WAV;5
C:\Ynoguti\SaoPaulo\M200206.WAV;5
C:\Ynoguti\SaoPaulo\F170905.WAV;5
C:\Ynoguti\SaoPaulo\M140101.WAV;5
C:\Ynoguti\SaoPaulo\F120310.WAV;5
C:\Ynoguti\EspiritoSanto\F111708.WAV;1
C:\Ynoguti\SaoPaulo\M131901.WAV;5
C:\Ynoguti\Pernambuco\F181104.WAV;4
C:\Ynoguti\Goias\M151806.WAV;2
C:\Ynoguti\SaoPaulo\F051701.WAV;5
C:\Ynoguti\SaoPaulo\M031507.WAV;5
C:\Ynoguti\SaoPaulo\M070302.WAV;5
C:\Ynoguti\SaoPaulo\M211106.WAV;5
C:\Ynoguti\SaoPaulo\M200202.WAV;5
C:\Ynoguti\SaoPaulo\F051704.WAV;5
C:\Ynoguti\SaoPaulo\F101308.WAV;5
C:\Ynoguti\SaoPaulo\M230810.WAV;5
C:\Ynoguti\SaoPaulo\M121903.WAV;5
C:\Ynoguti\SaoPaulo\M031506.WAV;5
C:\Ynoguti\SaoPaulo\M140407.WAV;5
C:\Ynoguti\SaoPaulo\F041409.WAV;5
C:\Ynoguti\SaoPaulo\F090101.WAV;5
C:\Ynoguti\SaoPaulo\F191503.WAV;5
C:\Ynoguti\Goias\M152008.WAV;2
C:\Ynoguti\Goias\M180710.WAV;2
C:\Ynoguti\SaoPaulo\F130108.WAV;5
C:\Ynoguti\Ceara\F060204.WAV;0
C:\Ynoguti\SaoPaulo\M170903.WAV;5
C:\Ynoguti\Ceara\F060102.WAV;0
C:\Ynoguti\SaoPaulo\F101301.WAV;5
C:\Ynoguti\SaoPaulo\F051709.WAV;5
C:\Ynoguti\SaoPaulo\F191505.WAV;5
C:\Ynoguti\SaoPaulo\M111404.WAV;5
C:\Ynoguti\SaoPaulo\M160801.WAV;5
C:\Ynoguti\SaoPaulo\M132008.WAV;5
C:\Ynoguti\SaoPaulo\M090908.WAV;5
C:\Ynoguti\Ceara\F060407.WAV;0
C:\Ynoguti\SaoPaulo\F170902.WAV;5
C:\Ynoguti\SaoPaulo\M230803.WAV;5
C:\Ynoguti\SaoPaulo\M070104.WAV;5
C:\Ynoguti\Pernambuco\F181009.WAV;4
C:\Ynoguti\SaoPaulo\F150505.WAV;5
C:\Ynoguti\SaoPaulo\F041608.WAV;5
C:\Ynoguti\SaoPaulo\F041510.WAV;5
C:\Ynoguti\Ceara\F060101.WAV;0
C:\Ynoguti\SaoPaulo\M050904.WAV;5
C:\Ynoguti\SaoPaulo\M122007.WAV;5
C:\Ynoguti\SaoPaulo\F051901.WAV;5
C:\Ynoguti\SaoPaulo\F041601.WAV;5
C:\Ynoguti\SaoPaulo\F150507.WAV;5
C:\Ynoguti\SaoPaulo\M050908.WAV;5
C:\Ynoguti\SaoPaulo\M091209.WAV;5
C:\Ynoguti\MinasGerais\F011704.WAV;3
C:\Ynoguti\SaoPaulo\F041509.WAV;5
C:\Ynoguti\SaoPaulo\F070704.WAV;5
C:\Ynoguti\SaoPaulo\M111605.WAV;5
C:\Ynoguti\Ceara\F060208.WAV;0
C:\Ynoguti\SaoPaulo\M131701.WAV;5
C:\Ynoguti\SaoPaulo\M160607.WAV;5
C:\Ynoguti\SaoPaulo\M111309.WAV;5
C:\Ynoguti\SaoPaulo\M010408.WAV;5
C:\Ynoguti\SaoPaulo\M211102.WAV;5
C:\Ynoguti\SaoPaulo\M061603.WAV;5
C:\Ynoguti\SaoPaulo\F041408.WAV;5
C:\Ynoguti\SaoPaulo\M020809.WAV;5
C:\Ynoguti\SaoPaulo\M200302.WAV;5
C:\Ynoguti\SaoPaulo\F130105.WAV;5
C:\Ynoguti\SaoPaulo\M121908.WAV;5
C:\Ynoguti\Ceara\M042007.WAV;0
C:\Ynoguti\SaoPaulo\M131801.WAV;5
C:\Ynoguti\SaoPaulo\M091202.WAV;5
C:\Ynoguti\SaoPaulo\F101510.WAV;5
C:\Ynoguti\MinasGerais\F031204.WAV;3
C:\Ynoguti\SaoPaulo\F081102.WAV;5
C:\Ynoguti\SaoPaulo\F170904.WAV;5
C:\Ynoguti\Goias\M180702.WAV;2
C:\Ynoguti\SaoPaulo\M241307.WAV;5
C:\Ynoguti\SaoPaulo\M061508.WAV;5
C:\Ynoguti\SaoPaulo\M091203.WAV;5
C:\Ynoguti\SaoPaulo\M241502.WAV;5
C:\Ynoguti\SaoPaulo\F191304.WAV;5
C:\Ynoguti\SaoPaulo\M091208.WAV;5
C:\Ynoguti\SaoPaulo\M051205.WAV;5
C:\Ynoguti\SaoPaulo\F101505.WAV;5
C:\Ynoguti\SaoPaulo\M020607.WAV;5
C:\Ynoguti\SaoPaulo\M241601.WAV;5
C:\Ynoguti\SaoPaulo\M241301.WAV;5
C:\Ynoguti\SaoPaulo\M140210.WAV;5
C:\Ynoguti\SaoPaulo\M061602.WAV;5
C:\Ynoguti\SaoPaulo\F191409.WAV;5
C:\Ynoguti\Ceara\M041909.WAV;0
C:\Ynoguti\SaoPaulo\M070406.WAV;5
C:\Ynoguti\SaoPaulo\M131808.WAV;5
C:\Ynoguti\SaoPaulo\F191509.WAV;5
C:\Ynoguti\Goias\M152006.WAV;2
C:\Ynoguti\SaoPaulo\F052007.WAV;5
C:\Ynoguti\EspiritoSanto\F221509.WAV;1
C:\Ynoguti\EspiritoSanto\F111809.WAV;1
C:\Ynoguti\SaoPaulo\M111504.WAV;5
C:\Ynoguti\SaoPaulo\F070505.WAV;5
C:\Ynoguti\SaoPaulo\M211008.WAV;5
C:\Ynoguti\SaoPaulo\F090205.WAV;5
C:\Ynoguti\SaoPaulo\M160806.WAV;5
C:\Ynoguti\SaoPaulo\F090305.WAV;5
C:\Ynoguti\SaoPaulo\M010207.WAV;5
C:\Ynoguti\SaoPaulo\M051109.WAV;5
C:\Ynoguti\MinasGerais\F030909.WAV;3
C:\Ynoguti\EspiritoSanto\F111808.WAV;1
C:\Ynoguti\Goias\M151810.WAV;2
C:\Ynoguti\SaoPaulo\M170902.WAV;5
C:\Ynoguti\SaoPaulo\F212007.WAV;5
C:\Ynoguti\SaoPaulo\F051702.WAV;5
C:\Ynoguti\MinasGerais\F011805.WAV;3
C:\Ynoguti\SaoPaulo\F041406.WAV;5
C:\Ynoguti\SaoPaulo\M160702.WAV;5
C:\Ynoguti\Ceara\M042006.WAV;0
C:\Ynoguti\SaoPaulo\F211702.WAV;5
C:\Ynoguti\EspiritoSanto\F221307.WAV;1
C:\Ynoguti\SaoPaulo\M230703.WAV;5
C:\Ynoguti\EspiritoSanto\F111810.WAV;1
C:\Ynoguti\SaoPaulo\F120402.WAV;5
C:\Ynoguti\Goias\M152004.WAV;2
C:\Ynoguti\Ceara\F060209.WAV;0
C:\Ynoguti\SaoPaulo\F200809.WAV;5
C:\Ynoguti\SaoPaulo\M211006.WAV;5
C:\Ynoguti\Pernambuco\F180905.WAV;4
C:\Ynoguti\SaoPaulo\F120309.WAV;5
C:\Ynoguti\SaoPaulo\F041503.WAV;5
C:\Ynoguti\SaoPaulo\F101306.WAV;5
C:\Ynoguti\SaoPaulo\M061605.WAV;5
C:\Ynoguti\MinasGerais\F031109.WAV;3
C:\Ynoguti\Goias\M180502.WAV;2
C:\Ynoguti\SaoPaulo\F212004.WAV;5
C:\Ynoguti\Pernambuco\F181203.WAV;4
C:\Ynoguti\SaoPaulo\F051802.WAV;5
C:\Ynoguti\SaoPaulo\F041402.WAV;5
C:\Ynoguti\Goias\M180608.WAV;2
C:\Ynoguti\SaoPaulo\F150509.WAV;5
C:\Ynoguti\SaoPaulo\F171105.WAV;5
C:\Ynoguti\SaoPaulo\M160704.WAV;5
C:\Ynoguti\MinasGerais\F011807.WAV;3
C:\Ynoguti\Pernambuco\F181103.WAV;4
C:\Ynoguti\SaoPaulo\F200509.WAV;5
C:\Ynoguti\Goias\M180708.WAV;2
C:\Ynoguti\SaoPaulo\F171005.WAV;5
C:\Ynoguti\SaoPaulo\F120410.WAV;5
C:\Ynoguti\SaoPaulo\F170901.WAV;5
C:\Ynoguti\SaoPaulo\M121910.WAV;5
C:\Ynoguti\SaoPaulo\M051101.WAV;5
C:\Ynoguti\SaoPaulo\M200205.WAV;5
C:\Ynoguti\SaoPaulo\F150609.WAV;5
C:\Ynoguti\SaoPaulo\F051708.WAV;5
C:\Ynoguti\SaoPaulo\M031305.WAV;5
C:\Ynoguti\Ceara\F060306.WAV;0
C:\Ynoguti\SaoPaulo\F101410.WAV;5
C:\Ynoguti\EspiritoSanto\F221602.WAV;1
C:\Ynoguti\SaoPaulo\F130203.WAV;5
C:\Ynoguti\SaoPaulo\F150502.WAV;5
C:\Ynoguti\SaoPaulo\F211807.WAV;5
C:\Ynoguti\SaoPaulo\M070101.WAV;5
C:\Ynoguti\SaoPaulo\F041308.WAV;5
C:\Ynoguti\Ceara\M041704.WAV;0
C:\Ynoguti\SaoPaulo\M010304.WAV;5
C:\Ynoguti\SaoPaulo\M160509.WAV;5
C:\Ynoguti\SaoPaulo\M121709.WAV;5
C:\Ynoguti\SaoPaulo\M230510.WAV;5
C:\Ynoguti\MinasGerais\F030910.WAV;3
C:\Ynoguti\SaoPaulo\M070409.WAV;5
C:\Ynoguti\Goias\M151905.WAV;2
C:\Ynoguti\Ceara\M041907.WAV;0
C:\Ynoguti\SaoPaulo\F101407.WAV;5
C:\Ynoguti\SaoPaulo\M111509.WAV;5
C:\Ynoguti\EspiritoSanto\F221409.WAV;1
C:\Ynoguti\MinasGerais\F011801.WAV;3
C:\Ynoguti\MinasGerais\F031202.WAV;3
C:\Ynoguti\SaoPaulo\M051209.WAV;5
C:\Ynoguti\Goias\M180501.WAV;2
C:\Ynoguti\SaoPaulo\M122003.WAV;5
C:\Ynoguti\SaoPaulo\M051105.WAV;5
C:\Ynoguti\SaoPaulo\F150804.WAV;5
C:\Ynoguti\SaoPaulo\M200201.WAV;5
C:\Ynoguti\Pernambuco\F181102.WAV;4
C:\Ynoguti\SaoPaulo\M010201.WAV;5
C:\Ynoguti\SaoPaulo\F020507.WAV;5
C:\Ynoguti\SaoPaulo\F211706.WAV;5
C:\Ynoguti\SaoPaulo\F120104.WAV;5
C:\Ynoguti\SaoPaulo\M031510.WAV;5
C:\Ynoguti\Ceara\M041908.WAV;0
C:\Ynoguti\SaoPaulo\M241410.WAV;5
C:\Ynoguti\SaoPaulo\M061510.WAV;5
C:\Ynoguti\SaoPaulo\F070508.WAV;5
C:\Ynoguti\EspiritoSanto\F111901.WAV;1
C:\Ynoguti\Goias\M151703.WAV;2
C:\Ynoguti\SaoPaulo\M051102.WAV;5
C:\Ynoguti\SaoPaulo\M171110.WAV;5
C:\Ynoguti\SaoPaulo\M070304.WAV;5
C:\Ynoguti\SaoPaulo\M131802.WAV;5
C:\Ynoguti\SaoPaulo\F120106.WAV;5
C:\Ynoguti\SaoPaulo\F090404.WAV;5
C:\Ynoguti\SaoPaulo\F090405.WAV;5
C:\Ynoguti\Ceara\F060207.WAV;0
C:\Ynoguti\SaoPaulo\M010209.WAV;5
C:\Ynoguti\SaoPaulo\F052005.WAV;5
C:\Ynoguti\SaoPaulo\M230508.WAV;5
C:\Ynoguti\SaoPaulo\M211101.WAV;5
C:\Ynoguti\Ceara\F060105.WAV;0
C:\Ynoguti\SaoPaulo\M170901.WAV;5
C:\Ynoguti\SaoPaulo\M051206.WAV;5
C:\Ynoguti\SaoPaulo\F191309.WAV;5
C:\Ynoguti\SaoPaulo\M091008.WAV;5
C:\Ynoguti\SaoPaulo\M070303.WAV;5
C:\Ynoguti\EspiritoSanto\F221502.WAV;1
C:\Ynoguti\EspiritoSanto\F221503.WAV;1
C:\Ynoguti\SaoPaulo\M140409.WAV;5
C:\Ynoguti\SaoPaulo\F070604.WAV;5
C:\Ynoguti\MinasGerais\F011702.WAV;3
C:\Ynoguti\SaoPaulo\F120407.WAV;5
C:\Ynoguti\Goias\M151802.WAV;2
C:\Ynoguti\SaoPaulo\M230504.WAV;5
C:\Ynoguti\SaoPaulo\M111508.WAV;5
C:\Ynoguti\Ceara\F060409.WAV;0
C:\Ynoguti\EspiritoSanto\F111801.WAV;1
C:\Ynoguti\SaoPaulo\F052008.WAV;5
C:\Ynoguti\SaoPaulo\F090403.WAV;5
C:\Ynoguti\EspiritoSanto\F221506.WAV;1
C:\Ynoguti\SaoPaulo\F090109.WAV;5
C:\Ynoguti\MinasGerais\F011904.WAV;3
C:\Ynoguti\SaoPaulo\F200502.WAV;5
C:\Ynoguti\Ceara\M041802.WAV;0
C:\Ynoguti\SaoPaulo\M140110.WAV;5
C:\Ynoguti\Ceara\M041709.WAV;0
C:\Ynoguti\Ceara\F060401.WAV;0
C:\Ynoguti\SaoPaulo\M171106.WAV;5
C:\Ynoguti\SaoPaulo\F081008.WAV;5
C:\Ynoguti\SaoPaulo\F101307.WAV;5
C:\Ynoguti\SaoPaulo\M210903.WAV;5
C:\Ynoguti\SaoPaulo\F150709.WAV;5
C:\Ynoguti\SaoPaulo\M131908.WAV;5
C:\Ynoguti\SaoPaulo\M051203.WAV;5
C:\Ynoguti\SaoPaulo\F051907.WAV;5
C:\Ynoguti\SaoPaulo\M061608.WAV;5
C:\Ynoguti\MinasGerais\F031002.WAV;3
C:\Ynoguti\SaoPaulo\M140402.WAV;5
C:\Ynoguti\SaoPaulo\F200601.WAV;5
C:\Ynoguti\SaoPaulo\F041302.WAV;5
C:\Ynoguti\SaoPaulo\F200804.WAV;5
C:\Ynoguti\SaoPaulo\F130107.WAV;5
C:\Ynoguti\SaoPaulo\M200209.WAV;5
C:\Ynoguti\SaoPaulo\M200410.WAV;5
C:\Ynoguti\Goias\M180703.WAV;2
C:\Ynoguti\SaoPaulo\F081110.WAV;5
C:\Ynoguti\SaoPaulo\M211108.WAV;5
C:\Ynoguti\SaoPaulo\F090206.WAV;5
C:\Ynoguti\SaoPaulo\F200510.WAV;5
C:\Ynoguti\SaoPaulo\M070408.WAV;5
C:\Ynoguti\SaoPaulo\M200103.WAV;5
C:\Ynoguti\SaoPaulo\M171103.WAV;5
C:\Ynoguti\SaoPaulo\F080907.WAV;5
C:\Ynoguti\SaoPaulo\F191405.WAV;5
C:\Ynoguti\SaoPaulo\M200101.WAV;5
C:\Ynoguti\SaoPaulo\F081006.WAV;5
C:\Ynoguti\SaoPaulo\M061303.WAV;5
C:\Ynoguti\SaoPaulo\F041401.WAV;5
C:\Ynoguti\SaoPaulo\M031406.WAV;5
C:\Ynoguti\SaoPaulo\F150601.WAV;5
C:\Ynoguti\SaoPaulo\F130404.WAV;5
C:\Ynoguti\SaoPaulo\F090310.WAV;5
C:\Ynoguti\SaoPaulo\F200506.WAV;5
C:\Ynoguti\SaoPaulo\F090301.WAV;5
C:\Ynoguti\SaoPaulo\M200208.WAV;5
C:\Ynoguti\SaoPaulo\M111403.WAV;5
C:\Ynoguti\SaoPaulo\M020709.WAV;5
C:\Ynoguti\SaoPaulo\M170910.WAV;5
C:\Ynoguti\SaoPaulo\M050906.WAV;5
C:\Ynoguti\SaoPaulo\F200501.WAV;5
C:\Ynoguti\SaoPaulo\F020710.WAV;5
C:\Ynoguti\SaoPaulo\F150508.WAV;5
C:\Ynoguti\SaoPaulo\F200807.WAV;5
C:\Ynoguti\SaoPaulo\M230602.WAV;5
C:\Ynoguti\Ceara\F060107.WAV;0
C:\Ynoguti\SaoPaulo\M171105.WAV;5
C:\Ynoguti\SaoPaulo\M111507.WAV;5
C:\Ynoguti\MinasGerais\F031006.WAV;3
C:\Ynoguti\SaoPaulo\M111303.WAV;5
C:\Ynoguti\SaoPaulo\M010309.WAV;5
C:\Ynoguti\SaoPaulo\F041502.WAV;5
C:\Ynoguti\SaoPaulo\F090103.WAV;5
C:\Ynoguti\SaoPaulo\F052004.WAV;5
C:\Ynoguti\SaoPaulo\M010404.WAV;5
C:\Ynoguti\Goias\M151805.WAV;2
C:\Ynoguti\SaoPaulo\F052001.WAV;5
C:\Ynoguti\EspiritoSanto\F221402.WAV;1
C:\Ynoguti\Goias\M180506.WAV;2
C:\Ynoguti\SaoPaulo\F200706.WAV;5
C:\Ynoguti\SaoPaulo\M230507.WAV;5
C:\Ynoguti\SaoPaulo\F191501.WAV;5
C:\Ynoguti\SaoPaulo\M111607.WAV;5
C:\Ynoguti\Pernambuco\F180909.WAV;4
C:\Ynoguti\SaoPaulo\M020505.WAV;5
C:\Ynoguti\SaoPaulo\M200408.WAV;5
C:\Ynoguti\SaoPaulo\M170904.WAV;5
C:\Ynoguti\SaoPaulo\F070706.WAV;5
C:\Ynoguti\SaoPaulo\M140308.WAV;5
C:\Ynoguti\SaoPaulo\M160606.WAV;5
C:\Ynoguti\SaoPaulo\F150810.WAV;5
C:\Ynoguti\SaoPaulo\M131805.WAV;5
C:\Ynoguti\SaoPaulo\F191601.WAV;5
C:\Ynoguti\SaoPaulo\M211109.WAV;5
C:\Ynoguti\SaoPaulo\M140406.WAV;5
C:\Ynoguti\SaoPaulo\M051103.WAV;5
C:\Ynoguti\SaoPaulo\F090201.WAV;5
C:\Ynoguti\SaoPaulo\F170906.WAV;5
C:\Ynoguti\SaoPaulo\M241406.WAV;5
C:\Ynoguti\SaoPaulo\F020610.WAV;5
C:\Ynoguti\Goias\M180701.WAV;2
C:\Ynoguti\Goias\M180603.WAV;2
C:\Ynoguti\SaoPaulo\M230610.WAV;5
C:\Ynoguti\SaoPaulo\M200404.WAV;5
C:\Ynoguti\EspiritoSanto\F221403.WAV;1
C:\Ynoguti\SaoPaulo\F090304.WAV;5
C:\Ynoguti\SaoPaulo\M230707.WAV;5
C:\Ynoguti\SaoPaulo\F070701.WAV;5
C:\Ynoguti\SaoPaulo\F090309.WAV;5
C:\Ynoguti\SaoPaulo\M031307.WAV;5
C:\Ynoguti\SaoPaulo\F171202.WAV;5
C:\Ynoguti\MinasGerais\F011908.WAV;3
C:\Ynoguti\MinasGerais\F030902.WAV;3
C:\Ynoguti\SaoPaulo\F090407.WAV;5
C:\Ynoguti\SaoPaulo\M010407.WAV;5
C:\Ynoguti\SaoPaulo\M070107.WAV;5
C:\Ynoguti\SaoPaulo\F090108.WAV;5
C:\Ynoguti\SaoPaulo\F120209.WAV;5
C:\Ynoguti\SaoPaulo\F150802.WAV;5
C:\Ynoguti\Ceara\M041902.WAV;0
C:\Ynoguti\SaoPaulo\F041303.WAV;5
C:\Ynoguti\SaoPaulo\M211207.WAV;5
C:\Ynoguti\EspiritoSanto\F111702.WAV;1
C:\Ynoguti\SaoPaulo\M140307.WAV;5
C:\Ynoguti\SaoPaulo\M010308.WAV;5
C:\Ynoguti\SaoPaulo\F171006.WAV;5
C:\Ynoguti\SaoPaulo\F020708.WAV;5
C:\Ynoguti\SaoPaulo\F101607.WAV;5
C:\Ynoguti\SaoPaulo\M090902.WAV;5
C:\Ynoguti\SaoPaulo\F130110.WAV;5
C:\Ynoguti\SaoPaulo\F171204.WAV;5
C:\Ynoguti\SaoPaulo\M131706.WAV;5
C:\Ynoguti\SaoPaulo\F211910.WAV;5
C:\Ynoguti\SaoPaulo\M010302.WAV;5
C:\Ynoguti\Goias\M152010.WAV;2
C:\Ynoguti\SaoPaulo\M111304.WAV;5
C:\Ynoguti\SaoPaulo\M132001.WAV;5
C:\Ynoguti\SaoPaulo\F090402.WAV;5
C:\Ynoguti\SaoPaulo\M140109.WAV;5
C:\Ynoguti\SaoPaulo\M050903.WAV;5
C:\Ynoguti\Goias\M180804.WAV;2
C:\Ynoguti\SaoPaulo\M031310.WAV;5
C:\Ynoguti\SaoPaulo\F101609.WAV;5
C:\Ynoguti\SaoPaulo\F101508.WAV;5
C:\Ynoguti\SaoPaulo\M111306.WAV;5
C:\Ynoguti\SaoPaulo\M122010.WAV;5
C:\Ynoguti\SaoPaulo\F200805.WAV;5
C:\Ynoguti\Pernambuco\F180901.WAV;4
C:\Ynoguti\SaoPaulo\F101309.WAV;5
C:\Ynoguti\EspiritoSanto\F111804.WAV;1
C:\Ynoguti\SaoPaulo\M160803.WAV;5
C:\Ynoguti\Pernambuco\F180902.WAV;4
C:\Ynoguti\SaoPaulo\F120105.WAV;5
C:\Ynoguti\Pernambuco\F180903.WAV;4
C:\Ynoguti\Goias\M151909.WAV;2
C:\Ynoguti\Ceara\M041904.WAV;0
C:\Ynoguti\SaoPaulo\F090410.WAV;5
C:\Ynoguti\Ceara\F060206.WAV;0
C:\Ynoguti\MinasGerais\F031209.WAV;3
C:\Ynoguti\SaoPaulo\F041505.WAV;5
C:\Ynoguti\SaoPaulo\M091101.WAV;5
C:\Ynoguti\SaoPaulo\M091103.WAV;5
C:\Ynoguti\SaoPaulo\F211909.WAV;5
C:\Ynoguti\SaoPaulo\M131710.WAV;5
C:\Ynoguti\SaoPaulo\M031408.WAV;5
C:\Ynoguti\SaoPaulo\M031601.WAV;5
C:\Ynoguti\SaoPaulo\F120307.WAV;5
C:\Ynoguti\MinasGerais\F030904.WAV;3
C:\Ynoguti\SaoPaulo\M200402.WAV;5
C:\Ynoguti\SaoPaulo\M140206.WAV;5
C:\Ynoguti\SaoPaulo\F070501.WAV;5
C:\Ynoguti\SaoPaulo\F081210.WAV;5
C:\Ynoguti\SaoPaulo\F020502.WAV;5
C:\Ynoguti\SaoPaulo\F200503.WAV;5
C:\Ynoguti\SaoPaulo\F191607.WAV;5
C:\Ynoguti\SaoPaulo\M241608.WAV;5
C:\Ynoguti\SaoPaulo\M131807.WAV;5
C:\Ynoguti\SaoPaulo\F200705.WAV;5
C:\Ynoguti\SaoPaulo\F051909.WAV;5
C:\Ynoguti\SaoPaulo\M070403.WAV;5
C:\Ynoguti\SaoPaulo\M241610.WAV;5
C:\Ynoguti\SaoPaulo\M061604.WAV;5
C:\Ynoguti\Ceara\M041805.WAV;0
C:\Ynoguti\SaoPaulo\M131907.WAV;5
C:\Ynoguti\SaoPaulo\M122001.WAV;5
C:\Ynoguti\Goias\M180604.WAV;2
C:\Ynoguti\EspiritoSanto\F111908.WAV;1
C:\Ynoguti\SaoPaulo\F191310.WAV;5
C:\Ynoguti\SaoPaulo\M020604.WAV;5
C:\Ynoguti\SaoPaulo\M211110.WAV;5
C:\Ynoguti\SaoPaulo\F051902.WAV;5
C:\Ynoguti\SaoPaulo\F090306.WAV;5
C:\Ynoguti\SaoPaulo\F212003.WAV;5
C:\Ynoguti\SaoPaulo\F051706.WAV;5
C:\Ynoguti\SaoPaulo\M111301.WAV;5
C:\Ynoguti\EspiritoSanto\F112010.WAV;1
C:\Ynoguti\SaoPaulo\M061308.WAV;5
C:\Ynoguti\SaoPaulo\F120206.WAV;5
C:\Ynoguti\SaoPaulo\F191603.WAV;5
C:\Ynoguti\SaoPaulo\M020807.WAV;5
C:\Ynoguti\SaoPaulo\F130408.WAV;5
C:\Ynoguti\SaoPaulo\M031403.WAV;5
C:\Ynoguti\SaoPaulo\M230603.WAV;5
C:\Ynoguti\SaoPaulo\M051106.WAV;5
C:\Ynoguti\SaoPaulo\M070208.WAV;5
C:\Ynoguti\Ceara\M041706.WAV;0
C:\Ynoguti\SaoPaulo\F200606.WAV;5
C:\Ynoguti\SaoPaulo\F120204.WAV;5
C:\Ynoguti\SaoPaulo\F041607.WAV;5
C:\Ynoguti\SaoPaulo\F070804.WAV;5
C:\Ynoguti\SaoPaulo\F090207.WAV;5
C:\Ynoguti\SaoPaulo\F101501.WAV;5
C:\Ynoguti\SaoPaulo\M010203.WAV;5
C:\Ynoguti\SaoPaulo\F191303.WAV;5
C:\Ynoguti\SaoPaulo\F120302.WAV;5
C:\Ynoguti\SaoPaulo\M132005.WAV;5
C:\Ynoguti\SaoPaulo\F020704.WAV;5
C:\Ynoguti\SaoPaulo\M070110.WAV;5
C:\Ynoguti\SaoPaulo\F051807.WAV;5
C:\Ynoguti\SaoPaulo\F191402.WAV;5
C:\Ynoguti\SaoPaulo\M200104.WAV;5
C:\Ynoguti\SaoPaulo\M020806.WAV;5
C:\Ynoguti\SaoPaulo\M210905.WAV;5
C:\Ynoguti\SaoPaulo\F051905.WAV;5
C:\Ynoguti\SaoPaulo\M111305.WAV;5
C:\Ynoguti\SaoPaulo\M070108.WAV;5
C:\Ynoguti\SaoPaulo\M160505.WAV;5
C:\Ynoguti\SaoPaulo\F130304.WAV;5
C:\Ynoguti\Pernambuco\F181202.WAV;4
C:\Ynoguti\Pernambuco\F181209.WAV;4
C:\Ynoguti\MinasGerais\F012002.WAV;3
C:\Ynoguti\SaoPaulo\F130406.WAV;5
C:\Ynoguti\SaoPaulo\M171104.WAV;5
C:\Ynoguti\SaoPaulo\M211201.WAV;5
C:\Ynoguti\SaoPaulo\M061403.WAV;5
C:\Ynoguti\SaoPaulo\M160707.WAV;5
C:\Ynoguti\SaoPaulo\F212008.WAV;5
C:\Ynoguti\MinasGerais\F011705.WAV;3
C:\Ynoguti\SaoPaulo\M140304.WAV;5
C:\Ynoguti\MinasGerais\F011810.WAV;3
C:\Ynoguti\MinasGerais\F011707.WAV;3
C:\Ynoguti\SaoPaulo\F081207.WAV;5
C:\Ynoguti\SaoPaulo\M241408.WAV;5
C:\Ynoguti\SaoPaulo\F150702.WAV;5
C:\Ynoguti\SaoPaulo\F070507.WAV;5
C:\Ynoguti\SaoPaulo\F200710.WAV;5
C:\Ynoguti\SaoPaulo\F052002.WAV;5
C:\Ynoguti\SaoPaulo\F130310.WAV;5
C:\Ynoguti\SaoPaulo\M020804.WAV;5
C:\Ynoguti\SaoPaulo\F191602.WAV;5
C:\Ynoguti\SaoPaulo\M241603.WAV;5
C:\Ynoguti\SaoPaulo\F211903.WAV;5
C:\Ynoguti\SaoPaulo\F041609.WAV;5
C:\Ynoguti\SaoPaulo\F120301.WAV;5
C:\Ynoguti\SaoPaulo\F070509.WAV;5
C:\Ynoguti\SaoPaulo\F020702.WAV;5
C:\Ynoguti\SaoPaulo\F211904.WAV;5
C:\Ynoguti\SaoPaulo\M091107.WAV;5
C:\Ynoguti\SaoPaulo\F070703.WAV;5
C:\Ynoguti\EspiritoSanto\F111805.WAV;1
C:\Ynoguti\SaoPaulo\F150806.WAV;5
C:\Ynoguti\Pernambuco\F180910.WAV;4
C:\Ynoguti\Goias\M180808.WAV;2
C:\Ynoguti\SaoPaulo\M121809.WAV;5
C:\Ynoguti\SaoPaulo\M070401.WAV;5
C:\Ynoguti\EspiritoSanto\F221510.WAV;1
C:\Ynoguti\Goias\M180504.WAV;2
C:\Ynoguti\SaoPaulo\F041405.WAV;5
C:\Ynoguti\Ceara\M042010.WAV;0
C:\Ynoguti\EspiritoSanto\F221607.WAV;1
C:\Ynoguti\SaoPaulo\F120110.WAV;5
C:\Ynoguti\SaoPaulo\M211204.WAV;5
C:\Ynoguti\Ceara\F060106.WAV;0
C:\Ynoguti\SaoPaulo\M230708.WAV;5
C:\Ynoguti\SaoPaulo\M031401.WAV;5
C:\Ynoguti\SaoPaulo\F200605.WAV;5
C:\Ynoguti\SaoPaulo\M160809.WAV;5
C:\Ynoguti\SaoPaulo\M010403.WAV;5
C:\Ynoguti\SaoPaulo\F101605.WAV;5
C:\Ynoguti\Goias\M180802.WAV;2
C:\Ynoguti\SaoPaulo\F101504.WAV;5
C:\Ynoguti\SaoPaulo\F041307.WAV;5
C:\Ynoguti\SaoPaulo\F120102.WAV;5
C:\Ynoguti\SaoPaulo\M200207.WAV;5
C:\Ynoguti\SaoPaulo\M160503.WAV;5
C:\Ynoguti\SaoPaulo\F070503.WAV;5
C:\Ynoguti\SaoPaulo\F191401.WAV;5
C:\Ynoguti\SaoPaulo\M211210.WAV;5
C:\Ynoguti\SaoPaulo\M061502.WAV;5
C:\Ynoguti\SaoPaulo\F020506.WAV;5
C:\Ynoguti\SaoPaulo\F120207.WAV;5
C:\Ynoguti\SaoPaulo\F211707.WAV;5
C:\Ynoguti\SaoPaulo\M051104.WAV;5
C:\Ynoguti\SaoPaulo\F120304.WAV;5
C:\Ynoguti\SaoPaulo\F191606.WAV;5
C:\Ynoguti\SaoPaulo\M121704.WAV;5
C:\Ynoguti\SaoPaulo\F171108.WAV;5
C:\Ynoguti\SaoPaulo\F171007.WAV;5
C:\Ynoguti\SaoPaulo\F090203.WAV;5
C:\Ynoguti\SaoPaulo\M211002.WAV;5
C:\Ynoguti\SaoPaulo\M020801.WAV;5
C:\Ynoguti\SaoPaulo\F051809.WAV;5
C:\Ynoguti\SaoPaulo\F130103.WAV;5
C:\Ynoguti\SaoPaulo\M051004.WAV;5
C:\Ynoguti\EspiritoSanto\F111703.WAV;1
C:\Ynoguti\SaoPaulo\F070506.WAV;5
C:\Ynoguti\Goias\M151702.WAV;2
C:\Ynoguti\SaoPaulo\F041506.WAV;5
C:\Ynoguti\SaoPaulo\M171005.WAV;5
C:\Ynoguti\SaoPaulo\F120404.WAV;5
C:\Ynoguti\SaoPaulo\F191504.WAV;5
C:\Ynoguti\Goias\M180810.WAV;2
C:\Ynoguti\SaoPaulo\M121904.WAV;5
C:\Ynoguti\SaoPaulo\F041604.WAV;5
C:\Ynoguti\SaoPaulo\M131708.WAV;5
C:\Ynoguti\SaoPaulo\M171204.WAV;5
C:\Ynoguti\SaoPaulo\F070603.WAV;5
C:\Ynoguti\SaoPaulo\M210902.WAV;5
C:\Ynoguti\EspiritoSanto\F111909.WAV;1
C:\Ynoguti\SaoPaulo\M171101.WAV;5
C:\Ynoguti\SaoPaulo\M010108.WAV;5
C:\Ynoguti\SaoPaulo\F020806.WAV;5
C:\Ynoguti\SaoPaulo\M031605.WAV;5
C:\Ynoguti\SaoPaulo\M121705.WAV;5
C:\Ynoguti\SaoPaulo\F171207.WAV;5
C:\Ynoguti\SaoPaulo\M070102.WAV;5
C:\Ynoguti\SaoPaulo\M031303.WAV;5
C:\Ynoguti\Ceara\F060408.WAV;0
C:\Ynoguti\SaoPaulo\M010109.WAV;5
C:\Ynoguti\SaoPaulo\M031604.WAV;5
C:\Ynoguti\SaoPaulo\F020707.WAV;5
C:\Ynoguti\MinasGerais\F012007.WAV;3
C:\Ynoguti\SaoPaulo\M031504.WAV;5
C:\Ynoguti\SaoPaulo\M111307.WAV;5
C:\Ynoguti\MinasGerais\F012010.WAV;3
C:\Ynoguti\SaoPaulo\F130308.WAV;5
C:\Ynoguti\SaoPaulo\F090409.WAV;5
C:\Ynoguti\SaoPaulo\F171004.WAV;5
C:\Ynoguti\EspiritoSanto\F221504.WAV;1
C:\Ynoguti\SaoPaulo\M051202.WAV;5
C:\Ynoguti\SaoPaulo\F081004.WAV;5
C:\Ynoguti\SaoPaulo\M010101.WAV;5
C:\Ynoguti\SaoPaulo\F191605.WAV;5
C:\Ynoguti\SaoPaulo\F081002.WAV;5
C:\Ynoguti\SaoPaulo\M121906.WAV;5
C:\Ynoguti\SaoPaulo\M091010.WAV;5
C:\Ynoguti\SaoPaulo\M061410.WAV;5
C:\Ynoguti\SaoPaulo\F171001.WAV;5
C:\Ynoguti\SaoPaulo\F171210.WAV;5
C:\Ynoguti\SaoPaulo\F171208.WAV;5
C:\Ynoguti\SaoPaulo\M121902.WAV;5
C:\Ynoguti\SaoPaulo\F052006.WAV;5
C:\Ynoguti\SaoPaulo\M111406.WAV;5
C:\Ynoguti\SaoPaulo\F191506.WAV;5
C:\Ynoguti\SaoPaulo\M111310.WAV;5
C:\Ynoguti\SaoPaulo\M121802.WAV;5
C:\Ynoguti\SaoPaulo\M160808.WAV;5
C:\Ynoguti\SaoPaulo\M020501.WAV;5
C:\Ynoguti\SaoPaulo\M051204.WAV;5
C:\Ynoguti\SaoPaulo\M111502.WAV;5
C:\Ynoguti\SaoPaulo\M200401.WAV;5
C:\Ynoguti\SaoPaulo\F041305.WAV;5
C:\Ynoguti\SaoPaulo\F081003.WAV;5
C:\Ynoguti\SaoPaulo\F041508.WAV;5
C:\Ynoguti\SaoPaulo\F150808.WAV;5
C:\Ynoguti\Goias\M180807.WAV;2
C:\Ynoguti\SaoPaulo\M050901.WAV;5
C:\Ynoguti\Ceara\M042003.WAV;0
C:\Ynoguti\SaoPaulo\M031304.WAV;5
C:\Ynoguti\SaoPaulo\M131810.WAV;5
C:\Ynoguti\SaoPaulo\F170910.WAV;5
C:\Ynoguti\SaoPaulo\M111603.WAV;5
C:\Ynoguti\SaoPaulo\M140201.WAV;5
C:\Ynoguti\SaoPaulo\M121804.WAV;5
C:\Ynoguti\SaoPaulo\F171104.WAV;5
C:\Ynoguti\SaoPaulo\M160603.WAV;5
C:\Ynoguti\SaoPaulo\M200403.WAV;5
C:\Ynoguti\SaoPaulo\M111610.WAV;5
C:\Ynoguti\SaoPaulo\M070307.WAV;5
C:\Ynoguti\SaoPaulo\F150803.WAV;5
C:\Ynoguti\SaoPaulo\M010205.WAV;5
C:\Ynoguti\SaoPaulo\M061405.WAV;5
C:\Ynoguti\SaoPaulo\F130201.WAV;5
C:\Ynoguti\SaoPaulo\F120306.WAV;5
C:\Ynoguti\SaoPaulo\M031602.WAV;5
C:\Ynoguti\MinasGerais\F012001.WAV;3
C:\Ynoguti\SaoPaulo\M140203.WAV;5
C:\Ynoguti\SaoPaulo\M070410.WAV;5
C:\Ynoguti\SaoPaulo\F150603.WAV;5
C:\Ynoguti\Goias\M151701.WAV;2
C:\Ynoguti\EspiritoSanto\F221601.WAV;1
C:\Ynoguti\SaoPaulo\F081005.WAV;5
C:\Ynoguti\SaoPaulo\F130209.WAV;5
C:\Ynoguti\Ceara\M041702.WAV;0
C:\Ynoguti\SaoPaulo\M090904.WAV;5
C:\Ynoguti\EspiritoSanto\F221305.WAV;1
C:\Ynoguti\Ceara\M041810.WAV;0
C:\Ynoguti\SaoPaulo\M010103.WAV;5
C:\Ynoguti\SaoPaulo\M031503.WAV;5
C:\Ynoguti\SaoPaulo\F101402.WAV;5
C:\Ynoguti\SaoPaulo\M091106.WAV;5
C:\Ynoguti\SaoPaulo\M010105.WAV;5
C:\Ynoguti\SaoPaulo\F171008.WAV;5
C:\Ynoguti\Goias\M151908.WAV;2
C:\Ynoguti\EspiritoSanto\F221401.WAV;1
C:\Ynoguti\SaoPaulo\F041404.WAV;5
C:\Ynoguti\SaoPaulo\F170908.WAV;5
C:\Ynoguti\SaoPaulo\F081204.WAV;5
C:\Ynoguti\SaoPaulo\F070607.WAV;5
C:\Ynoguti\MinasGerais\F031105.WAV;3
C:\Ynoguti\Goias\M180706.WAV;2
C:\Ynoguti\SaoPaulo\F090209.WAV;5
C:\Ynoguti\Goias\M151809.WAV;2
C:\Ynoguti\SaoPaulo\M061504.WAV;5
C:\Ynoguti\SaoPaulo\M051007.WAV;5
C:\Ynoguti\SaoPaulo\F191510.WAV;5
C:\Ynoguti\SaoPaulo\M171004.WAV;5
C:\Ynoguti\SaoPaulo\F200607.WAV;5
C:\Ynoguti\SaoPaulo\M031606.WAV;5
C:\Ynoguti\SaoPaulo\M061310.WAV;5
C:\Ynoguti\SaoPaulo\F130202.WAV;5
C:\Ynoguti\SaoPaulo\M121706.WAV;5
C:\Ynoguti\SaoPaulo\M241504.WAV;5
C:\Ynoguti\Pernambuco\F181207.WAV;4
C:\Ynoguti\SaoPaulo\F081108.WAV;5
C:\Ynoguti\SaoPaulo\F080901.WAV;5
C:\Ynoguti\EspiritoSanto\F221609.WAV;1
C:\Ynoguti\SaoPaulo\M091009.WAV;5
C:\Ynoguti\SaoPaulo\M241503.WAV;5
C:\Ynoguti\SaoPaulo\M091109.WAV;5
C:\Ynoguti\Goias\M151708.WAV;2
C:\Ynoguti\SaoPaulo\F070606.WAV;5
C:\Ynoguti\Ceara\F060410.WAV;0
C:\Ynoguti\MinasGerais\F011703.WAV;3
C:\Ynoguti\SaoPaulo\F041309.WAV;5
C:\Ynoguti\SaoPaulo\F200602.WAV;5
C:\Ynoguti\SaoPaulo\F150707.WAV;5
C:\Ynoguti\SaoPaulo\M140401.WAV;5
C:\Ynoguti\SaoPaulo\F051906.WAV;5
C:\Ynoguti\Goias\M151707.WAV;2
C:\Ynoguti\EspiritoSanto\F111807.WAV;1
C:\Ynoguti\SaoPaulo\F150703.WAV;5
C:\Ynoguti\SaoPaulo\F070502.WAV;5
C:\Ynoguti\SaoPaulo\F052009.WAV;5
C:\Ynoguti\SaoPaulo\F052003.WAV;5
C:\Ynoguti\SaoPaulo\F191408.WAV;5
C:\Ynoguti\SaoPaulo\F120201.WAV;5
C:\Ynoguti\SaoPaulo\F130204.WAV;5
C:\Ynoguti\SaoPaulo\F150710.WAV;5
C:\Ynoguti\SaoPaulo\M140104.WAV;5
C:\Ynoguti\SaoPaulo\F081208.WAV;5
C:\Ynoguti\SaoPaulo\F051710.WAV;5
C:\Ynoguti\SaoPaulo\F200608.WAV;5
C:\Ynoguti\SaoPaulo\M020510.WAV;5
C:\Ynoguti\SaoPaulo\F120203.WAV;5
C:\Ynoguti\MinasGerais\F011806.WAV;3
C:\Ynoguti\SaoPaulo\F041403.WAV;5
C:\Ynoguti\SaoPaulo\M070405.WAV;5
C:\Ynoguti\Goias\M180510.WAV;2
C:\Ynoguti\SaoPaulo\F020501.WAV;5
C:\Ynoguti\MinasGerais\F011709.WAV;3
C:\Ynoguti\EspiritoSanto\F111707.WAV;1
C:\Ynoguti\SaoPaulo\M160502.WAV;5
C:\Ynoguti\Ceara\F060402.WAV;0
C:\Ynoguti\SaoPaulo\F171107.WAV;5
C:\Ynoguti\SaoPaulo\M070106.WAV;5
C:\Ynoguti\SaoPaulo\M200409.WAV;5
C:\Ynoguti\SaoPaulo\M160609.WAV;5
C:\Ynoguti\MinasGerais\F011708.WAV;3
C:\Ynoguti\EspiritoSanto\F111903.WAV;1
C:\Ynoguti\SaoPaulo\F200703.WAV;5
C:\Ynoguti\SaoPaulo\M131903.WAV;5
C:\Ynoguti\Pernambuco\F181204.WAV;4
C:\Ynoguti\Goias\M152007.WAV;2
C:\Ynoguti\Goias\M151709.WAV;2
C:\Ynoguti\SaoPaulo\F191403.WAV;5
C:\Ynoguti\MinasGerais\F011905.WAV;3
C:\Ynoguti\SaoPaulo\F120107.WAV;5
C:\Ynoguti\SaoPaulo\F191301.WAV;5
C:\Ynoguti\Ceara\M041807.WAV;0
C:\Ynoguti\SaoPaulo\M131803.WAV;5
C:\Ynoguti\SaoPaulo\M200107.WAV;5
C:\Ynoguti\SaoPaulo\M020701.WAV;5
C:\Ynoguti\SaoPaulo\F041605.WAV;5
C:\Ynoguti\MinasGerais\F030905.WAV;3
C:\Ynoguti\SaoPaulo\M031509.WAV;5
C:\Ynoguti\SaoPaulo\F081205.WAV;5
C:\Ynoguti\SaoPaulo\M171208.WAV;5
C:\Ynoguti\MinasGerais\F030901.WAV;3
C:\Ynoguti\SaoPaulo\M020805.WAV;5
C:\Ynoguti\SaoPaulo\M031309.WAV;5
C:\Ynoguti\SaoPaulo\M230606.WAV;5
C:\Ynoguti\SaoPaulo\M241403.WAV;5
C:\Ynoguti\SaoPaulo\M131804.WAV;5
C:\Ynoguti\SaoPaulo\F020703.WAV;5
C:\Ynoguti\SaoPaulo\F070601.WAV;5
C:\Ynoguti\MinasGerais\F031103.WAV;3
C:\Ynoguti\SaoPaulo\M061307.WAV;5
C:\Ynoguti\SaoPaulo\M131904.WAV;5
C:\Ynoguti\Ceara\M041910.WAV;0
C:\Ynoguti\SaoPaulo\F130401.WAV;5
C:\Ynoguti\SaoPaulo\M230608.WAV;5
C:\Ynoguti\SaoPaulo\M230702.WAV;5
C:\Ynoguti\SaoPaulo\F150607.WAV;5
C:\Ynoguti\SaoPaulo\F081103.WAV;5
C:\Ynoguti\SaoPaulo\M200210.WAV;5
C:\Ynoguti\SaoPaulo\F020505.WAV;5
C:\Ynoguti\SaoPaulo\M241501.WAV;5
C:\Ynoguti\Ceara\F060104.WAV;0
C:\Ynoguti\SaoPaulo\M070209.WAV;5
C:\Ynoguti\SaoPaulo\F200709.WAV;5
C:\Ynoguti\SaoPaulo\M020507.WAV;5
C:\Ynoguti\Goias\M151906.WAV;2
C:\Ynoguti\SaoPaulo\F041610.WAV;5
C:\Ynoguti\SaoPaulo\M070109.WAV;5
C:\Ynoguti\SaoPaulo\M020603.WAV;5
C:\Ynoguti\SaoPaulo\M091207.WAV;5
C:\Ynoguti\Goias\M180707.WAV;2
C:\Ynoguti\SaoPaulo\F020810.WAV;5
C:\Ynoguti\EspiritoSanto\F221408.WAV;1
C:\Ynoguti\Pernambuco\F181007.WAV;4
C:\Ynoguti\SaoPaulo\M230503.WAV;5
C:\Ynoguti\EspiritoSanto\F111806.WAV;1
C:\Ynoguti\SaoPaulo\M051008.WAV;5
C:\Ynoguti\SaoPaulo\M171107.WAV;5
C:\Ynoguti\SaoPaulo\F101304.WAV;5
C:\Ynoguti\SaoPaulo\M200110.WAV;5
C:\Ynoguti\SaoPaulo\M070301.WAV;5
C:\Ynoguti\SaoPaulo\M211004.WAV;5
C:\Ynoguti\SaoPaulo\M160605.WAV;5
C:\Ynoguti\SaoPaulo\M241303.WAV;5
C:\Ynoguti\SaoPaulo\M131705.WAV;5
C:\Ynoguti\SaoPaulo\M122004.WAV;5
C:\Ynoguti\MinasGerais\F031001.WAV;3
C:\Ynoguti\SaoPaulo\F191407.WAV;5
C:\Ynoguti\SaoPaulo\M111601.WAV;5
C:\Ynoguti\Ceara\M041804.WAV;0
C:\Ynoguti\SaoPaulo\F130402.WAV;5
C:\Ynoguti\EspiritoSanto\F111705.WAV;1
C:\Ynoguti\SaoPaulo\M051003.WAV;5
C:\Ynoguti\MinasGerais\F011909.WAV;3
C:\Ynoguti\MinasGerais\F011804.WAV;3
C:\Ynoguti\SaoPaulo\M230710.WAV;5
C:\Ynoguti\SaoPaulo\M090901.WAV;5
C:\Ynoguti\Goias\M151706.WAV;2
C:\Ynoguti\SaoPaulo\M061606.WAV;5
C:\Ynoguti\SaoPaulo\M241401.WAV;5
C:\Ynoguti\SaoPaulo\F081109.WAV;5
C:\Ynoguti\SaoPaulo\F041602.WAV;5
C:\Ynoguti\SaoPaulo\F200810.WAV;5
C:\Ynoguti\SaoPaulo\F211905.WAV;5
C:\Ynoguti\SaoPaulo\M200303.WAV;5
C:\Ynoguti\EspiritoSanto\F221303.WAV;1
C:\Ynoguti\SaoPaulo\M061503.WAV;5
C:\Ynoguti\SaoPaulo\F070802.WAV;5
C:\Ynoguti\EspiritoSanto\F111704.WAV;1
C:\Ynoguti\SaoPaulo\M160710.WAV;5
C:\Ynoguti\SaoPaulo\F081202.WAV;5
C:\Ynoguti\SaoPaulo\F130405.WAV;5
C:\Ynoguti\SaoPaulo\F020509.WAV;5
C:\Ynoguti\SaoPaulo\M171206.WAV;5
C:\Ynoguti\SaoPaulo\F041603.WAV;5
C:\Ynoguti\SaoPaulo\M061304.WAV;5
C:\Ynoguti\SaoPaulo\F051705.WAV;5
C:\Ynoguti\SaoPaulo\M051108.WAV;5
C:\Ynoguti\SaoPaulo\F171103.WAV;5
C:\Ynoguti\Ceara\F060108.WAV;0
C:\Ynoguti\MinasGerais\F011902.WAV;3
C:\Ynoguti\SaoPaulo\M211209.WAV;5
C:\Ynoguti\Ceara\F060406.WAV;0
C:\Ynoguti\SaoPaulo\M051002.WAV;5
C:\Ynoguti\Goias\M151901.WAV;2
C:\Ynoguti\SaoPaulo\M111407.WAV;5
C:\Ynoguti\Goias\M151705.WAV;2
C:\Ynoguti\SaoPaulo\M211001.WAV;5
C:\Ynoguti\SaoPaulo\F101401.WAV;5
C:\Ynoguti\SaoPaulo\F150504.WAV;5
C:\Ynoguti\SaoPaulo\M211208.WAV;5
C:\Ynoguti\SaoPaulo\F041407.WAV;5
C:\Ynoguti\EspiritoSanto\F221410.WAV;1
C:\Ynoguti\SaoPaulo\M061302.WAV;5
C:\Ynoguti\SaoPaulo\F070809.WAV;5
C:\Ynoguti\SaoPaulo\F070805.WAV;5
C:\Ynoguti\SaoPaulo\F211801.WAV;5
C:\Ynoguti\SaoPaulo\F211810.WAV;5
C:\Ynoguti\EspiritoSanto\F112009.WAV;1
C:\Ynoguti\SaoPaulo\M061305.WAV;5
C:\Ynoguti\SaoPaulo\M010310.WAV;5
C:\Ynoguti\SaoPaulo\M121909.WAV;5
C:\Ynoguti\SaoPaulo\M241409.WAV;5
C:\Ynoguti\SaoPaulo\M111408.WAV;5
C:\Ynoguti\SaoPaulo\F020801.WAV;5
C:\Ynoguti\SaoPaulo\F041410.WAV;5
C:\Ynoguti\SaoPaulo\M121801.WAV;5
C:\Ynoguti\SaoPaulo\F212002.WAV;5
C:\Ynoguti\SaoPaulo\F081209.WAV;5
C:\Ynoguti\SaoPaulo\F200802.WAV;5
C:\Ynoguti\SaoPaulo\M170909.WAV;5
C:\Ynoguti\SaoPaulo\F211708.WAV;5
C:\Ynoguti\MinasGerais\F012008.WAV;3
C:\Ynoguti\SaoPaulo\M241508.WAV;5
C:\Ynoguti\SaoPaulo\M090909.WAV;5
C:\Ynoguti\SaoPaulo\F211902.WAV;5
C:\Ynoguti\SaoPaulo\M061501.WAV;5
C:\Ynoguti\SaoPaulo\M121808.WAV;5
C:\Ynoguti\SaoPaulo\M140105.WAV;5
C:\Ynoguti\SaoPaulo\F090210.WAV;5
C:\Ynoguti\SaoPaulo\F130106.WAV;5
C:\Ynoguti\SaoPaulo\M230604.WAV;5
C:\Ynoguti\SaoPaulo\F101305.WAV;5
C:\Ynoguti\SaoPaulo\M171209.WAV;5
C:\Ynoguti\SaoPaulo\F150701.WAV;5
C:\Ynoguti\SaoPaulo\F120208.WAV;5
C:\Ynoguti\SaoPaulo\M140309.WAV;5
C:\Ynoguti\SaoPaulo\F041507.WAV;5
C:\Ynoguti\SaoPaulo\F120210.WAV;5
C:\Ynoguti\Ceara\M042005.WAV;0
C:\Ynoguti\SaoPaulo\F150809.WAV;5
C:\Ynoguti\SaoPaulo\M241310.WAV;5
C:\Ynoguti\SaoPaulo\M121810.WAV;5
C:\Ynoguti\EspiritoSanto\F112007.WAV;1
C:\Ynoguti\SaoPaulo\M200301.WAV;5
C:\Ynoguti\Goias\M151904.WAV;2
C:\Ynoguti\SaoPaulo\M091002.WAV;5
C:\Ynoguti\Ceara\M041905.WAV;0
C:\Ynoguti\SaoPaulo\M171008.WAV;5
C:\Ynoguti\SaoPaulo\M020503.WAV;5
C:\Ynoguti\SaoPaulo\M091206.WAV;5
C:\Ynoguti\Pernambuco\F181005.WAV;4
C:\Ynoguti\Ceara\F060203.WAV;0
C:\Ynoguti\SaoPaulo\M061607.WAV;5
C:\Ynoguti\SaoPaulo\F200803.WAV;5
C:\Ynoguti\SaoPaulo\F191604.WAV;5
C:\Ynoguti\SaoPaulo\M131704.WAV;5
C:\Ynoguti\Ceara\F060202.WAV;0
C:\Ynoguti\SaoPaulo\F200504.WAV;5
C:\Ynoguti\SaoPaulo\M020808.WAV;5
C:\Ynoguti\EspiritoSanto\F112006.WAV;1
C:\Ynoguti\MinasGerais\F012004.WAV;3
C:\Ynoguti\EspiritoSanto\F221501.WAV;1
C:\Ynoguti\Ceara\F060210.WAV;0
C:\Ynoguti\SaoPaulo\M020605.WAV;5
C:\Ynoguti\SaoPaulo\F020607.WAV;5
C:\Ynoguti\SaoPaulo\F101509.WAV;5
C:\Ynoguti\MinasGerais\F011803.WAV;3
C:\Ynoguti\EspiritoSanto\F111701.WAV;1
C:\Ynoguti\SaoPaulo\F120308.WAV;5
C:\Ynoguti\SaoPaulo\F090303.WAV;5
C:\Ynoguti\SaoPaulo\M031502.WAV;5
C:\Ynoguti\SaoPaulo\F150606.WAV;5
C:\Ynoguti\SaoPaulo\F170903.WAV;5
C:\Ynoguti\EspiritoSanto\F221505.WAV;1
C:\Ynoguti\SaoPaulo\M010410.WAV;5
C:\Ynoguti\Goias\M180607.WAV;2
C:\Ynoguti\SaoPaulo\M160701.WAV;5
C:\Ynoguti\SaoPaulo\M230706.WAV;5
C:\Ynoguti\SaoPaulo\F020508.WAV;5
C:\Ynoguti\SaoPaulo\F211802.WAV;5
C:\Ynoguti\SaoPaulo\F051804.WAV;5
C:\Ynoguti\SaoPaulo\F211908.WAV;5
C:\Ynoguti\MinasGerais\F030907.WAV;3
C:\Ynoguti\SaoPaulo\M111506.WAV;5
C:\Ynoguti\SaoPaulo\M171109.WAV;5
C:\Ynoguti\Pernambuco\F181201.WAV;4
C:\Ynoguti\SaoPaulo\M241604.WAV;5
C:\Ynoguti\SaoPaulo\M140306.WAV;5
C:\Ynoguti\EspiritoSanto\F221507.WAV;1
C:\Ynoguti\SaoPaulo\F101302.WAV;5
C:\Ynoguti\SaoPaulo\F070609.WAV;5
C:\Ynoguti\SaoPaulo\F171110.WAV;5
C:\Ynoguti\EspiritoSanto\F221310.WAV;1
C:\Ynoguti\SaoPaulo\M020803.WAV;5
C:\Ynoguti\Pernambuco\F181108.WAV;4
C:\Ynoguti\Goias\M151710.WAV;2
C:\Ynoguti\SaoPaulo\F051910.WAV;5
C:\Ynoguti\SaoPaulo\F191307.WAV;5
C:\Ynoguti\Ceara\M041906.WAV;0
C:\Ynoguti\SaoPaulo\M051010.WAV;5
C:\Ynoguti\SaoPaulo\F191410.WAV;5
C:\Ynoguti\Ceara\F060205.WAV;0
C:\Ynoguti\MinasGerais\F031108.WAV;3
C:\Ynoguti\MinasGerais\F030903.WAV;3
C:\Ynoguti\SaoPaulo\F200508.WAV;5
C:\Ynoguti\Goias\M180503.WAV;2
C:\Ynoguti\SaoPaulo\M140208.WAV;5
C:\Ynoguti\SaoPaulo\M140204.WAV;5
C:\Ynoguti\SaoPaulo\F080908.WAV;5
C:\Ynoguti\SaoPaulo\M241605.WAV;5
C:\Ynoguti\MinasGerais\F031107.WAV;3
C:\Ynoguti\MinasGerais\F011809.WAV;3
C:\Ynoguti\SaoPaulo\M010104.WAV;5
C:\Ynoguti\SaoPaulo\M091102.WAV;5
C:\Ynoguti\SaoPaulo\F211907.WAV;5
C:\Ynoguti\SaoPaulo\M111609.WAV;5
C:\Ynoguti\SaoPaulo\F191508.WAV;5
C:\Ynoguti\SaoPaulo\M070402.WAV;5
C:\Ynoguti\SaoPaulo\F120401.WAV;5
C:\Ynoguti\SaoPaulo\M211003.WAV;5
C:\Ynoguti\Ceara\M041703.WAV;0
C:\Ynoguti\SaoPaulo\M211104.WAV;5
C:\Ynoguti\Pernambuco\F181101.WAV;4
C:\Ynoguti\SaoPaulo\F052010.WAV;5
C:\Ynoguti\Ceara\M041801.WAV;0
C:\Ynoguti\SaoPaulo\M200304.WAV;5
C:\Ynoguti\SaoPaulo\M241607.WAV;5
C:\Ynoguti\SaoPaulo\M200407.WAV;5
C:\Ynoguti\SaoPaulo\F120403.WAV;5
C:\Ynoguti\SaoPaulo\F070810.WAV;5
C:\Ynoguti\SaoPaulo\F020701.WAV;5
C:\Ynoguti\SaoPaulo\M061601.WAV;5
C:\Ynoguti\SaoPaulo\M241309.WAV;5
C:\Ynoguti\SaoPaulo\M132007.WAV;5
C:\Ynoguti\SaoPaulo\M230805.WAV;5
C:\Ynoguti\SaoPaulo\F191610.WAV;5
C:\Ynoguti\SaoPaulo\M131905.WAV;5
C:\Ynoguti\SaoPaulo\F200806.WAV;5
C:\Ynoguti\SaoPaulo\F150506.WAV;5
C:\Ynoguti\SaoPaulo\M200305.WAV;5
C:\Ynoguti\SaoPaulo\F070808.WAV;5
C:\Ynoguti\SaoPaulo\M090905.WAV;5
C:\Ynoguti\SaoPaulo\M051001.WAV;5
C:\Ynoguti\SaoPaulo\M230502.WAV;5
C:\Ynoguti\SaoPaulo\M230607.WAV;5
C:\Ynoguti\SaoPaulo\M020708.WAV;5
C:\Ynoguti\SaoPaulo\F101404.WAV;5
C:\Ynoguti\SaoPaulo\F081206.WAV;5
C:\Ynoguti\SaoPaulo\M121708.WAV;5
C:\Ynoguti\SaoPaulo\F070708.WAV;5
C:\Ynoguti\SaoPaulo\M121807.WAV;5
C:\Ynoguti\SaoPaulo\M061406.WAV;5
C:\Ynoguti\SaoPaulo\F130305.WAV;5
C:\Ynoguti\SaoPaulo\F211805.WAV;5
C:\Ynoguti\SaoPaulo\M010202.WAV;5
C:\Ynoguti\SaoPaulo\F200507.WAV;5
C:\Ynoguti\SaoPaulo\M241302.WAV;5
C:\Ynoguti\SaoPaulo\M031301.WAV;5
C:\Ynoguti\Goias\M180809.WAV;2
C:\Ynoguti\MinasGerais\F031206.WAV;3
C:\Ynoguti\SaoPaulo\F200808.WAV;5
C:\Ynoguti\SaoPaulo\M091005.WAV;5
C:\Ynoguti\SaoPaulo\F081106.WAV;5
C:\Ynoguti\SaoPaulo\M140107.WAV;5
C:\Ynoguti\SaoPaulo\M121803.WAV;5
C:\Ynoguti\Pernambuco\F181001.WAV;4
C:\Ynoguti\SaoPaulo\F101502.WAV;5
C:\Ynoguti\SaoPaulo\M091205.WAV;5
C:\Ynoguti\SaoPaulo\M020508.WAV;5
C:\Ynoguti\SaoPaulo\M210909.WAV;5
C:\Ynoguti\SaoPaulo\M121703.WAV;5
C:\Ynoguti\SaoPaulo\M230505.WAV;5
C:\Ynoguti\SaoPaulo\M132006.WAV;5
C:\Ynoguti\Ceara\M042002.WAV;0
C:\Ynoguti\MinasGerais\F031207.WAV;3
C:\Ynoguti\SaoPaulo\M091001.WAV;5
C:\Ynoguti\SaoPaulo\F150801.WAV;5
C:\Ynoguti\SaoPaulo\M230506.WAV;5
C:\Ynoguti\SaoPaulo\M010405.WAV;5
C:\Ynoguti\MinasGerais\F012006.WAV;3
C:\Ynoguti\Goias\M151902.WAV;2
C:\Ynoguti\SaoPaulo\F120305.WAV;5
C:\Ynoguti\SaoPaulo\M210901.WAV;5
C:\Ynoguti\SaoPaulo\F081104.WAV;5
C:\Ynoguti\EspiritoSanto\F221605.WAV;1
C:\Ynoguti\SaoPaulo\F020504.WAV;5
C:\Ynoguti\SaoPaulo\M160510.WAV;5
C:\Ynoguti\SaoPaulo\F101601.WAV;5
C:\Ynoguti\SaoPaulo\M160504.WAV;5
C:\Ynoguti\SaoPaulo\F171102.WAV;5
C:\Ynoguti\Goias\M180606.WAV;2
C:\Ynoguti\SaoPaulo\M241305.WAV;5
C:\Ynoguti\SaoPaulo\M051006.WAV;5
C:\Ynoguti\SaoPaulo\F130302.WAV;5
C:\Ynoguti\SaoPaulo\F020808.WAV;5
C:\Ynoguti\SaoPaulo\F020802.WAV;5
C:\Ynoguti\EspiritoSanto\F111710.WAV;1
C:\Ynoguti\MinasGerais\F031101.WAV;3
C:\Ynoguti\EspiritoSanto\F221304.WAV;1
C:\Ynoguti\SaoPaulo\M091201.WAV;5
C:\Ynoguti\Pernambuco\F181107.WAV;4
C:\Ynoguti\SaoPaulo\M241507.WAV;5
C:\Ynoguti\SaoPaulo\M111604.WAV;5
C:\Ynoguti\Ceara\F060103.WAV;0
C:\Ynoguti\SaoPaulo\F041310.WAV;5
C:\Ynoguti\SaoPaulo\M230806.WAV;5
C:\Ynoguti\Goias\M151808.WAV;2
C:\Ynoguti\Pernambuco\F181110.WAV;4
C:\Ynoguti\SaoPaulo\F211710.WAV;5
C:\Ynoguti\SaoPaulo\F070807.WAV;5
C:\Ynoguti\Pernambuco\F181008.WAV;4
C:\Ynoguti\SaoPaulo\M160601.WAV;5
C:\Ynoguti\SaoPaulo\F211704.WAV;5
C:\Ynoguti\SaoPaulo\F171203.WAV;5
C:\Ynoguti\SaoPaulo\M061402.WAV;5
C:\Ynoguti\SaoPaulo\M010303.WAV;5
C:\Ynoguti\SaoPaulo\M050905.WAV;5
C:\Ynoguti\MinasGerais\F031007.WAV;3
C:\Ynoguti\SaoPaulo\F020510.WAV;5
C:\Ynoguti\Pernambuco\F181210.WAV;4
C:\Ynoguti\MinasGerais\F011907.WAV;3
C:\Ynoguti\SaoPaulo\M090906.WAV;5
C:\Ynoguti\EspiritoSanto\F221309.WAV;1
C:\Ynoguti\SaoPaulo\F051703.WAV;5
C:\Ynoguti\SaoPaulo\M230705.WAV;5
C:\Ynoguti\MinasGerais\F030906.WAV;3
C:\Ynoguti\SaoPaulo\F200603.WAV;5
C:\Ynoguti\SaoPaulo\F020604.WAV;5
C:\Ynoguti\SaoPaulo\F150706.WAV;5
C:\Ynoguti\SaoPaulo\F101608.WAV;5
C:\Ynoguti\SaoPaulo\M051009.WAV;5
C:\Ynoguti\SaoPaulo\M160602.WAV;5
C:\Ynoguti\SaoPaulo\F090105.WAV;5
C:\Ynoguti\SaoPaulo\F070806.WAV;5
C:\Ynoguti\SaoPaulo\M211107.WAV;5
C:\Ynoguti\SaoPaulo\M091007.WAV;5
C:\Ynoguti\Pernambuco\F181010.WAV;4
C:\Ynoguti\SaoPaulo\M211005.WAV;5
C:\Ynoguti\MinasGerais\F011808.WAV;3
C:\Ynoguti\SaoPaulo\M020705.WAV;5
C:\Ynoguti\EspiritoSanto\F111902.WAV;1
C:\Ynoguti\SaoPaulo\M171009.WAV;5
C:\Ynoguti\SaoPaulo\F130208.WAV;5
C:\Ynoguti\SaoPaulo\F081105.WAV;5
C:\Ynoguti\MinasGerais\F031110.WAV;3
C:\Ynoguti\SaoPaulo\M170906.WAV;5
C:\Ynoguti\Goias\M180508.WAV;2
C:\Ynoguti\SaoPaulo\F211901.WAV;5
C:\Ynoguti\SaoPaulo\F081201.WAV;5
C:\Ynoguti\SaoPaulo\M140202.WAV;5
C:\Ynoguti\Goias\M151704.WAV;2
C:\Ynoguti\SaoPaulo\M020707.WAV;5
C:\Ynoguti\SaoPaulo\M020710.WAV;5
C:\Ynoguti\SaoPaulo\F191609.WAV;5
C:\Ynoguti\Goias\M180610.WAV;2
C:\Ynoguti\SaoPaulo\F090401.WAV;5
C:\Ynoguti\SaoPaulo\F081101.WAV;5
C:\Ynoguti\SaoPaulo\M061609.WAV;5
C:\Ynoguti\SaoPaulo\F051904.WAV;5
C:\Ynoguti\Ceara\F060302.WAV;0
C:\Ynoguti\SaoPaulo\M070310.WAV;5
C:\Ynoguti\SaoPaulo\F080905.WAV;5
C:\Ynoguti\SaoPaulo\M091110.WAV;5
C:\Ynoguti\Ceara\M041803.WAV;0
C:\Ynoguti\SaoPaulo\F020809.WAV;5
C:\Ynoguti\SaoPaulo\F101507.WAV;5
C:\Ynoguti\Ceara\M041708.WAV;0
C:\Ynoguti\SaoPaulo\F211809.WAV;5
C:\Ynoguti\Ceara\M042001.WAV;0
C:\Ynoguti\SaoPaulo\M131709.WAV;5
C:\Ynoguti\SaoPaulo\M211010.WAV;5
C:\Ynoguti\SaoPaulo\M070407.WAV;5
C:\Ynoguti\EspiritoSanto\F111802.WAV;1
C:\Ynoguti\SaoPaulo\F101606.WAV;5
C:\Ynoguti\SaoPaulo\M171202.WAV;5
C:\Ynoguti\Ceara\M042009.WAV;0
C:\Ynoguti\SaoPaulo\M031302.WAV;5
C:\Ynoguti\SaoPaulo\F150705.WAV;5
C:\Ynoguti\SaoPaulo\F211705.WAV;5
C:\Ynoguti\SaoPaulo\F170907.WAV;5
C:\Ynoguti\SaoPaulo\F171101.WAV;5
C:\Ynoguti\SaoPaulo\F081001.WAV;5
C:\Ynoguti\SaoPaulo\F130309.WAV;5
C:\Ynoguti\SaoPaulo\F080904.WAV;5
